{
    "cam0": [
        [
            0.00684194375970936,
            1.323916117503775,
            -83.18435223054723
        ],
        [
            -1.3129218370253293,
            -0.07198788140347759,
            723.8004395740891
        ],
        [
            0.00016021358809110208,
            -0.00015936834436574968,
            1.0
        ]
    ],
    "cam1": [
        [
            -0.014386118372667366,
            -1.3415055382512429,
            572.8444440108397
        ],
        [
            1.3322296154561064,
            -0.06394702154189304,
            -223.28168355044346
        ],
        [
            7.078736782528844e-05,
            -0.00010773597160901716,
            1.0
        ]
    ],
    "cam2": [
        [
            0.0036837860191113237,
            -1.333530538918266,
            572.8103070417009
        ],
        [
            1.2910527021521523,
            -0.08284830174238415,
            -177.39892610587995
        ],
        [
            8.00688271971849e-05,
            -0.00024974434380102794,
            1.0
        ]
    ],
    "cam3": [
        [
            1.4637076993652822,
            -0.004032252615331248,
            -309.97941980359803
        ],
        [
            0.04183999583379946,
            1.3737465298764155,
            -120.14354803675515
        ],
        [
            0.0002686318401724468,
            -0.00013467324611438238,
            1.0
        ]
    ]
}